App;RED;Type;Latitud;Longitud;Fecha Hora Inicio;Fecha Hora Fin;Estado;Causa de falla;Tamanio de archivo (MB)
FB;WIFI;Carga feed;-17.3761965;-66.1567173;2025-06-23 11:46:25;2025-06-23 11:46:26;exitoso;;
FB;WIFI;Publicar historia;-17.3762805;-66.1567632;2025-06-23 11:46:42;2025-06-23 11:46:50;exitoso;;2 MB
FB;WIFI;Reproduccion video corto;-17.3762805;-66.1567632;2025-06-23 11:46:51;2025-06-23 11:47:06;exitoso;;
FB;WIFI;Envio de mensaje;-17.3762805;-66.1567632;2025-06-23 11:47:20;2025-06-23 11:47:24;exitoso;;4 caracteres
FB;WIFI;Envio de foto;-17.3762485;-66.156743;2025-06-23 11:47:27;2025-06-23 11:47:32;exitoso;;0 MB
FB;WIFI;Envio de video;-17.3762485;-66.156743;2025-06-23 11:47:37;2025-06-23 11:47:41;exitoso;;0 MB
FB;WIFI;Envio de documento;-17.3762485;-66.156743;2025-06-23 11:47:45;2025-06-23 11:47:59;fallido;Time Out;0 MB
FB;WIFI;Carga feed;-17.3762485;-66.156743;2025-06-23 11:48:06;2025-06-23 11:48:09;exitoso;;
FB;WIFI;Publicar historia;-17.3762485;-66.156743;2025-06-23 11:48:25;2025-06-23 11:48:30;exitoso;;2 MB
FB;WIFI;Reproduccion video corto;-17.3763129;-66.1568031;2025-06-23 11:48:31;2025-06-23 11:48:48;exitoso;;
FB;WIFI;Carga feed;-17.3763129;-66.1568031;2025-06-23 11:49:01;2025-06-23 11:49:01;exitoso;;
FB;SIN_RED;Carga feed;-17.3761398;-66.156841;2025-06-23 13:36:10;2025-06-23 13:36:10;fallido;Sin red;
FB;SIN_RED;Publicar historia;-17.3761398;-66.156841;2025-06-23 13:36:29;2025-06-23 13:36:29;fallido;Sin red;0 MB
FB;SIN_RED;Publicar historia;-17.3761398;-66.156841;2025-06-23 13:36:29;2025-06-23 13:36:29;fallido;Sin red;0 MB
FB;MOBILE;Reproduccion video corto;-17.3761398;-66.156841;2025-06-23 13:36:33;2025-06-23 13:36:50;exitoso;;
FB;MOBILE;Carga feed;-17.3761398;-66.156841;2025-06-23 13:37:07;2025-06-23 13:37:08;exitoso;;
FB;MOBILE;Publicar historia;-17.3762118;-66.1569014;2025-06-23 13:37:23;2025-06-23 13:37:29;exitoso;;2 MB
FB;MOBILE;Reproduccion video corto;-17.3762118;-66.1569014;2025-06-23 13:37:33;2025-06-23 13:37:49;exitoso;;
FB;MOBILE;Envio de mensaje;-17.3762118;-66.1569014;2025-06-23 13:38:06;2025-06-23 13:38:10;exitoso;;4 caracteres
FB;MOBILE;Envio de foto;-17.3762118;-66.1569014;2025-06-23 13:38:12;2025-06-23 13:38:18;exitoso;;0 MB
FB;MOBILE;Envio de video;-17.3737356;-66.1570242;2025-06-23 13:38:23;2025-06-23 13:38:27;exitoso;;0 MB
FB;MOBILE;Envio de documento;-17.3737356;-66.1570242;2025-06-23 13:38:31;2025-06-23 13:38:44;fallido;Time Out;0 MB
FB;MOBILE;Carga feed;-17.3737356;-66.1570242;2025-06-23 13:38:51;2025-06-23 13:38:52;exitoso;;
FB;MOBILE;Publicar historia;-17.3737356;-66.1570242;2025-06-23 13:39:10;2025-06-23 13:39:15;exitoso;;2 MB
FB;MOBILE;Carga feed;-17.3735598;-66.1590849;2025-06-23 13:40:32;2025-06-23 13:40:33;exitoso;;
FB;MOBILE;Carga feed;-17.3722812;-66.1639869;2025-06-23 13:47:19;2025-06-23 13:47:20;exitoso;;
FB;MOBILE;Publicar historia;-17.3722812;-66.1639869;2025-06-23 13:47:36;2025-06-23 13:47:40;exitoso;;2 MB
FB;MOBILE;Reproduccion video corto;-17.3722812;-66.1639869;2025-06-23 13:47:41;2025-06-23 13:47:58;exitoso;;
FB;MOBILE;Envio de mensaje;-17.3722812;-66.1639869;2025-06-23 13:48:14;2025-06-23 13:48:18;exitoso;;4 caracteres
FB;MOBILE;Envio de foto;-17.3723628;-66.1648561;2025-06-23 13:48:20;2025-06-23 13:48:26;exitoso;;0 MB
FB;MOBILE;Envio de video;-17.3723628;-66.1648561;2025-06-23 13:48:31;2025-06-23 13:48:35;exitoso;;0 MB
FB;MOBILE;Envio de documento;-17.3723628;-66.1648561;2025-06-23 13:48:39;2025-06-23 13:48:50;exitoso;;1.27 MB
FB;MOBILE;Carga feed;-17.3723628;-66.1648561;2025-06-23 13:48:58;2025-06-23 13:48:59;exitoso;;
FB;MOBILE;Publicar historia;-17.3723628;-66.1648561;2025-06-23 13:49:17;2025-06-23 13:49:22;exitoso;;2 MB
FB;MOBILE;Reproduccion video corto;-17.3723628;-66.1648561;2025-06-23 13:49:23;2025-06-23 13:49:40;exitoso;;
FB;MOBILE;Envio de mensaje;-17.3688699;-66.1648302;2025-06-23 13:49:56;2025-06-23 13:50:00;exitoso;;4 caracteres
FB;MOBILE;Envio de foto;-17.3688699;-66.1648302;2025-06-23 13:50:02;2025-06-23 13:50:09;exitoso;;0 MB
FB;MOBILE;Envio de video;-17.3688699;-66.1648302;2025-06-23 13:50:14;2025-06-23 13:50:18;exitoso;;0 MB
FB;MOBILE;Envio de documento;-17.3688699;-66.1648302;2025-06-23 13:50:21;2025-06-23 13:50:27;exitoso;;1.27 MB
FB;MOBILE;Carga feed;-17.3682471;-66.1665963;2025-06-23 13:50:34;2025-06-23 13:50:35;exitoso;;
FB;MOBILE;Publicar historia;-17.3682471;-66.1665963;2025-06-23 13:50:51;2025-06-23 13:50:55;exitoso;;2 MB
FB;MOBILE;Reproduccion video corto;-17.3682471;-66.1665963;2025-06-23 13:50:56;2025-06-23 13:51:13;exitoso;;
FB;MOBILE;Envio de mensaje;-17.3682471;-66.1665963;2025-06-23 13:51:30;2025-06-23 13:51:35;exitoso;;4 caracteres
FB;MOBILE;Envio de foto;-17.3674699;-66.1677273;2025-06-23 13:51:37;2025-06-23 13:51:44;exitoso;;0 MB
FB;MOBILE;Envio de video;-17.3674699;-66.1677273;2025-06-23 13:51:49;2025-06-23 13:51:53;exitoso;;0 MB
FB;MOBILE;Envio de documento;-17.3674699;-66.1677273;2025-06-23 13:51:56;2025-06-23 13:52:02;exitoso;;1.27 MB
FB;MOBILE;Carga feed;-17.3674699;-66.1677273;2025-06-23 13:52:09;2025-06-23 13:52:10;exitoso;;
FB;MOBILE;Publicar historia;-17.3674699;-66.1677273;2025-06-23 13:52:25;2025-06-23 13:52:31;exitoso;;2 MB
FB;MOBILE;Reproduccion video corto;-17.3674699;-66.1677273;2025-06-23 13:52:32;2025-06-23 13:52:48;exitoso;;
FB;MOBILE;Envio de mensaje;-17.3667186;-66.1660051;2025-06-23 13:53:07;2025-06-23 13:53:12;exitoso;;4 caracteres
FB;MOBILE;Envio de foto;-17.3667186;-66.1660051;2025-06-23 13:53:14;2025-06-23 13:53:21;exitoso;;0 MB
FB;MOBILE;Envio de video;-17.3667186;-66.1660051;2025-06-23 13:53:26;2025-06-23 13:53:30;exitoso;;0 MB
FB;MOBILE;Envio de documento;-17.3687968;-66.1640501;2025-06-23 13:53:33;2025-06-23 13:53:40;exitoso;;1.27 MB
FB;MOBILE;Carga feed;-17.3687968;-66.1640501;2025-06-23 13:53:47;2025-06-23 13:53:48;exitoso;;
FB;MOBILE;Publicar historia;-17.3687968;-66.1640501;2025-06-23 13:54:08;2025-06-23 13:54:13;exitoso;;2 MB
FB;MOBILE;Reproduccion video corto;-17.3687968;-66.1640501;2025-06-23 13:54:14;2025-06-23 13:54:29;exitoso;;
FB;MOBILE;Envio de mensaje;-17.3671533;-66.1627804;2025-06-23 13:54:46;2025-06-23 13:54:51;exitoso;;4 caracteres
FB;MOBILE;Envio de foto;-17.3671533;-66.1627804;2025-06-23 13:54:54;2025-06-23 13:55:00;exitoso;;0 MB
FB;MOBILE;Envio de video;-17.3671533;-66.1627804;2025-06-23 13:55:05;2025-06-23 13:55:09;exitoso;;0 MB
FB;MOBILE;Envio de documento;-17.3671533;-66.1627804;2025-06-23 13:55:12;2025-06-23 13:55:19;exitoso;;1.27 MB
FB;MOBILE;Carga feed;-17.3671533;-66.1627804;2025-06-23 13:55:26;2025-06-23 13:55:27;exitoso;;
FB;MOBILE;Publicar historia;-17.3684477;-66.160264;2025-06-23 13:55:46;2025-06-23 13:55:51;exitoso;;2 MB
FB;MOBILE;Reproduccion video corto;-17.3684477;-66.160264;2025-06-23 13:55:52;2025-06-23 13:56:06;exitoso;;
FB;MOBILE;Envio de mensaje;-17.3684477;-66.160264;2025-06-23 13:56:25;2025-06-23 13:56:30;exitoso;;4 caracteres
FB;MOBILE;Envio de foto;-17.3693729;-66.1579313;2025-06-23 13:56:33;2025-06-23 13:56:40;exitoso;;0 MB
FB;MOBILE;Envio de video;-17.3693729;-66.1579313;2025-06-23 13:56:45;2025-06-23 13:56:49;exitoso;;0 MB
FB;MOBILE;Envio de documento;-17.3693729;-66.1579313;2025-06-23 13:56:53;2025-06-23 13:57:04;fallido;Time Out;0 MB
FB;MOBILE;Carga feed;-17.3693729;-66.1579313;2025-06-23 13:57:12;2025-06-23 13:57:14;exitoso;;
FB;MOBILE;Publicar historia;-17.3695478;-66.1565699;2025-06-23 13:57:32;2025-06-23 13:57:36;exitoso;;2 MB
FB;MOBILE;Reproduccion video corto;-17.3695478;-66.1565699;2025-06-23 13:57:37;2025-06-23 13:57:53;exitoso;;
FB;MOBILE;Envio de mensaje;-17.3695478;-66.1565699;2025-06-23 13:58:11;2025-06-23 13:58:16;exitoso;;4 caracteres
FB;MOBILE;Envio de foto;-17.3695478;-66.1565699;2025-06-23 13:58:19;2025-06-23 13:58:25;exitoso;;0 MB
FB;MOBILE;Envio de video;-17.3695478;-66.1565699;2025-06-23 13:58:30;2025-06-23 13:58:34;exitoso;;0 MB
FB;MOBILE;Envio de documento;-17.3705102;-66.1534936;2025-06-23 13:58:38;2025-06-23 13:58:44;exitoso;;1.27 MB
FB;MOBILE;Carga feed;-17.3705102;-66.1534936;2025-06-23 13:58:51;2025-06-23 13:58:52;exitoso;;
FB;MOBILE;Publicar historia;-17.3705102;-66.1534936;2025-06-23 13:59:07;2025-06-23 13:59:12;exitoso;;2 MB
FB;MOBILE;Reproduccion video corto;-17.3705102;-66.1534936;2025-06-23 13:59:13;2025-06-23 13:59:30;exitoso;;
FB;MOBILE;Envio de mensaje;-17.3683134;-66.1644842;2025-06-23 13:59:47;2025-06-23 13:59:53;exitoso;;4 caracteres
FB;MOBILE;Envio de foto;-17.3683134;-66.1644842;2025-06-23 13:59:56;2025-06-23 14:00:02;exitoso;;0 MB
FB;MOBILE;Envio de video;-17.3683134;-66.1644842;2025-06-23 14:00:07;2025-06-23 14:00:11;exitoso;;0 MB
FB;MOBILE;Envio de documento;-17.3683134;-66.1644842;2025-06-23 14:00:14;2025-06-23 14:00:20;exitoso;;1.27 MB
FB;MOBILE;Carga feed;-17.3683134;-66.1644842;2025-06-23 14:00:27;2025-06-23 14:00:28;exitoso;;
FB;MOBILE;Publicar historia;-17.3725795;-66.1495981;2025-06-23 14:00:46;2025-06-23 14:00:51;exitoso;;2 MB
FB;MOBILE;Reproduccion video corto;-17.3725795;-66.1495981;2025-06-23 14:00:52;2025-06-23 14:01:09;exitoso;;
FB;MOBILE;Envio de mensaje;-17.3725795;-66.1495981;2025-06-23 14:01:27;2025-06-23 14:01:32;exitoso;;4 caracteres
FB;MOBILE;Envio de foto;-17.3764819;-66.1500054;2025-06-23 14:01:35;2025-06-23 14:01:41;exitoso;;0 MB
FB;MOBILE;Envio de video;-17.3764819;-66.1500054;2025-06-23 14:01:46;2025-06-23 14:01:50;exitoso;;0 MB
FB;MOBILE;Envio de documento;-17.3764819;-66.1500054;2025-06-23 14:01:54;2025-06-23 14:02:02;exitoso;;1.27 MB
FB;MOBILE;Carga feed;-17.3764819;-66.1500054;2025-06-23 14:02:08;2025-06-23 14:02:09;exitoso;;
FB;MOBILE;Publicar historia;-17.3764819;-66.1500054;2025-06-23 14:02:26;2025-06-23 14:02:29;exitoso;;2 MB
FB;MOBILE;Reproduccion video corto;-17.3764819;-66.1500054;2025-06-23 14:02:30;2025-06-23 14:02:47;exitoso;;
FB;MOBILE;Envio de mensaje;-17.3792315;-66.1515258;2025-06-23 14:03:05;2025-06-23 14:03:10;exitoso;;4 caracteres
FB;MOBILE;Envio de foto;-17.3792315;-66.1515258;2025-06-23 14:03:12;2025-06-23 14:03:19;exitoso;;0 MB
FB;MOBILE;Envio de video;-17.3792315;-66.1515258;2025-06-23 14:03:24;2025-06-23 14:03:28;exitoso;;0 MB
FB;MOBILE;Envio de documento;-17.3800864;-66.1563886;2025-06-23 14:03:32;2025-06-23 14:03:39;exitoso;;1.27 MB
FB;MOBILE;Carga feed;-17.3800864;-66.1563886;2025-06-23 14:03:47;2025-06-23 14:03:47;exitoso;;
FB;MOBILE;Publicar historia;-17.3800864;-66.1563886;2025-06-23 14:04:06;2025-06-23 14:04:13;exitoso;;2 MB
FB;MOBILE;Reproduccion video corto;-17.3800864;-66.1563886;2025-06-23 14:04:14;2025-06-23 14:04:31;exitoso;;
FB;MOBILE;Carga feed;-17.3781323;-66.1570735;2025-06-23 14:05:44;2025-06-23 14:05:44;exitoso;;
FB;MOBILE;Publicar historia;-17.3781323;-66.1570735;2025-06-23 14:06:02;2025-06-23 14:06:07;exitoso;;2 MB
FB;MOBILE;Reproduccion video corto;-17.3781323;-66.1570735;2025-06-23 14:06:08;2025-06-23 14:06:24;exitoso;;
FB;MOBILE;Envio de mensaje;-17.3779229;-66.1588601;2025-06-23 14:06:41;2025-06-23 14:06:44;exitoso;;4 caracteres
FB;MOBILE;Envio de foto;-17.3779229;-66.1588601;2025-06-23 14:06:46;2025-06-23 14:06:52;exitoso;;0 MB
FB;MOBILE;Envio de video;-17.3779229;-66.1588601;2025-06-23 14:06:57;2025-06-23 14:07:01;exitoso;;0 MB
FB;MOBILE;Envio de documento;-17.3779229;-66.1588601;2025-06-23 14:07:04;2025-06-23 14:07:11;exitoso;;1.27 MB
FB;MOBILE;Carga feed;-17.3779229;-66.1588601;2025-06-23 14:07:19;2025-06-23 14:07:19;exitoso;;
FB;MOBILE;Publicar historia;-17.3778915;-66.1603909;2025-06-23 14:07:35;2025-06-23 14:07:40;exitoso;;2 MB
FB;MOBILE;Reproduccion video corto;-17.3778915;-66.1603909;2025-06-23 14:07:41;2025-06-23 14:07:57;exitoso;;
FB;MOBILE;Envio de mensaje;-17.3778915;-66.1603909;2025-06-23 14:08:12;2025-06-23 14:08:16;exitoso;;4 caracteres
FB;MOBILE;Envio de foto;-17.3778915;-66.1603909;2025-06-23 14:08:18;2025-06-23 14:08:26;exitoso;;0 MB
FB;MOBILE;Envio de video;-17.3799732;-66.1572919;2025-06-23 14:08:31;2025-06-23 14:08:35;exitoso;;0 MB
FB;MOBILE;Envio de documento;-17.3799732;-66.1572919;2025-06-23 14:08:38;2025-06-23 14:08:46;exitoso;;1.27 MB
FB;MOBILE;Carga feed;-17.3799732;-66.1572919;2025-06-23 14:08:53;2025-06-23 14:08:53;exitoso;;
FB;MOBILE;Publicar historia;-17.3799732;-66.1572919;2025-06-23 14:09:09;2025-06-23 14:09:13;exitoso;;2 MB
FB;MOBILE;Reproduccion video corto;-17.3799732;-66.1572919;2025-06-23 14:09:14;2025-06-23 14:09:31;exitoso;;
FB;MOBILE;Envio de mensaje;-17.3781693;-66.1673997;2025-06-23 14:09:50;2025-06-23 14:09:55;exitoso;;4 caracteres
FB;MOBILE;Envio de foto;-17.3781693;-66.1673997;2025-06-23 14:09:58;2025-06-23 14:10:04;exitoso;;0 MB
FB;MOBILE;Envio de video;-17.3781693;-66.1673997;2025-06-23 14:10:09;2025-06-23 14:10:13;exitoso;;0 MB
FB;MOBILE;Envio de documento;-17.3781693;-66.1673997;2025-06-23 14:10:16;2025-06-23 14:10:23;exitoso;;1.27 MB
FB;MOBILE;Carga feed;-17.3781693;-66.1673997;2025-06-23 14:10:30;2025-06-23 14:10:30;exitoso;;
FB;MOBILE;Publicar historia;-17.3762255;-66.1715973;2025-06-23 14:10:49;2025-06-23 14:10:53;exitoso;;2 MB
FB;MOBILE;Reproduccion video corto;-17.3762255;-66.1715973;2025-06-23 14:10:54;2025-06-23 14:11:11;exitoso;;
FB;MOBILE;Envio de mensaje;-17.3762255;-66.1715973;2025-06-23 14:11:29;2025-06-23 14:11:34;exitoso;;4 caracteres
FB;MOBILE;Envio de foto;-17.376607;-66.1748216;2025-06-23 14:11:36;2025-06-23 14:11:45;exitoso;;0 MB
FB;MOBILE;Envio de video;-17.376607;-66.1748216;2025-06-23 14:11:50;2025-06-23 14:11:54;exitoso;;0 MB
FB;MOBILE;Envio de documento;-17.376607;-66.1748216;2025-06-23 14:11:57;2025-06-23 14:12:06;exitoso;;1.27 MB
FB;MOBILE;Carga feed;-17.376607;-66.1748216;2025-06-23 14:12:15;2025-06-23 14:12:16;exitoso;;
FB;MOBILE;Publicar historia;-17.376607;-66.1748216;2025-06-23 14:12:32;2025-06-23 14:12:42;exitoso;;2 MB
FB;MOBILE;Reproduccion video corto;-17.3760955;-66.1777005;2025-06-23 14:12:43;2025-06-23 14:12:59;exitoso;;
FB;MOBILE;Envio de mensaje;-17.3760955;-66.1777005;2025-06-23 14:13:16;2025-06-23 14:13:22;exitoso;;4 caracteres
FB;MOBILE;Envio de foto;-17.3760955;-66.1777005;2025-06-23 14:13:24;2025-06-23 14:13:31;exitoso;;0 MB
FB;MOBILE;Envio de video;-17.3741919;-66.1805519;2025-06-23 14:13:36;2025-06-23 14:13:40;exitoso;;0 MB
FB;MOBILE;Envio de documento;-17.3741919;-66.1805519;2025-06-23 14:13:44;2025-06-23 14:13:54;fallido;Time Out;0 MB
FB;MOBILE;Carga feed;-17.3741919;-66.1805519;2025-06-23 14:14:01;2025-06-23 14:14:02;exitoso;;
FB;MOBILE;Carga feed;-17.3741919;-66.1805519;2025-06-23 14:14:22;2025-06-23 14:14:26;fallido;Elemento no encontrado;
FB;MOBILE;Publicar historia;-17.3715023;-66.1790271;2025-06-23 14:14:45;2025-06-23 14:14:50;exitoso;;2 MB
FB;MOBILE;Reproduccion video corto;-17.3715023;-66.1790271;2025-06-23 14:14:51;2025-06-23 14:15:06;fallido;TimeOut;
FB;MOBILE;Envio de mensaje;-17.3715023;-66.1790271;2025-06-23 14:15:23;2025-06-23 14:15:29;exitoso;;4 caracteres
FB;MOBILE;Envio de foto;-17.3715023;-66.1790271;2025-06-23 14:15:31;2025-06-23 14:15:38;exitoso;;0 MB
FB;MOBILE;Envio de video;-17.3716586;-66.1760088;2025-06-23 14:15:43;2025-06-23 14:15:47;exitoso;;0 MB
FB;MOBILE;Envio de documento;-17.3716586;-66.1760088;2025-06-23 14:15:51;2025-06-23 14:15:57;exitoso;;1.27 MB
FB;MOBILE;Carga feed;-17.3716586;-66.1760088;2025-06-23 14:16:04;2025-06-23 14:16:05;exitoso;;
FB;MOBILE;Publicar historia;-17.3716586;-66.1760088;2025-06-23 14:16:21;2025-06-23 14:16:26;exitoso;;2 MB
FB;MOBILE;Reproduccion video corto;-17.3716586;-66.1760088;2025-06-23 14:16:27;2025-06-23 14:16:45;exitoso;;
FB;MOBILE;Envio de mensaje;-17.3718783;-66.1724205;2025-06-23 14:17:04;2025-06-23 14:17:07;exitoso;;4 caracteres
FB;MOBILE;Envio de foto;-17.3718783;-66.1724205;2025-06-23 14:17:10;2025-06-23 14:17:16;exitoso;;0 MB
FB;MOBILE;Envio de video;-17.3718783;-66.1724205;2025-06-23 14:17:21;2025-06-23 14:17:25;exitoso;;0 MB
FB;MOBILE;Envio de documento;-17.3718783;-66.1724205;2025-06-23 14:17:29;2025-06-23 14:17:37;exitoso;;1.27 MB
FB;MOBILE;Carga feed;-17.3723659;-66.1679291;2025-06-23 14:17:44;2025-06-23 14:17:44;exitoso;;
FB;MOBILE;Publicar historia;-17.3723659;-66.1679291;2025-06-23 14:18:04;2025-06-23 14:18:08;exitoso;;2 MB
FB;MOBILE;Reproduccion video corto;-17.3723659;-66.1679291;2025-06-23 14:18:09;2025-06-23 14:18:24;exitoso;;
FB;MOBILE;Envio de mensaje;-17.3722277;-66.1667417;2025-06-23 14:18:42;2025-06-23 14:18:47;exitoso;;4 caracteres
FB;MOBILE;Envio de foto;-17.3722277;-66.1667417;2025-06-23 14:18:50;2025-06-23 14:18:56;exitoso;;0 MB
FB;MOBILE;Envio de video;-17.3722277;-66.1667417;2025-06-23 14:19:01;2025-06-23 14:19:05;exitoso;;0 MB
FB;MOBILE;Envio de documento;-17.3722277;-66.1667417;2025-06-23 14:19:08;2025-06-23 14:19:17;exitoso;;1.27 MB
FB;MOBILE;Carga feed;-17.3722277;-66.1667417;2025-06-23 14:19:24;2025-06-23 14:19:24;exitoso;;
FB;MOBILE;Publicar historia;-17.3723525;-66.1641665;2025-06-23 14:19:40;2025-06-23 14:19:45;exitoso;;2 MB
FB;MOBILE;Reproduccion video corto;-17.3723525;-66.1641665;2025-06-23 14:19:46;2025-06-23 14:20:02;exitoso;;
FB;MOBILE;Envio de mensaje;-17.3723525;-66.1641665;2025-06-23 14:20:20;2025-06-23 14:20:26;exitoso;;4 caracteres
FB;MOBILE;Envio de foto;-17.3723525;-66.1641665;2025-06-23 14:20:28;2025-06-23 14:20:34;exitoso;;0 MB
FB;MOBILE;Envio de video;-17.3725915;-66.1628701;2025-06-23 14:20:40;2025-06-23 14:20:44;exitoso;;0 MB
FB;MOBILE;Envio de documento;-17.3725915;-66.1628701;2025-06-23 14:20:47;2025-06-23 14:20:55;exitoso;;1.27 MB
FB;MOBILE;Carga feed;-17.3725915;-66.1628701;2025-06-23 14:21:02;2025-06-23 14:21:03;exitoso;;
FB;MOBILE;Publicar historia;-17.3725915;-66.1628701;2025-06-23 14:21:18;2025-06-23 14:21:23;exitoso;;2 MB
FB;MOBILE;Reproduccion video corto;-17.3725915;-66.1628701;2025-06-23 14:21:24;2025-06-23 14:21:41;exitoso;;
FB;MOBILE;Envio de mensaje;-17.3727783;-66.1599681;2025-06-23 14:21:57;2025-06-23 14:22:02;exitoso;;4 caracteres
FB;MOBILE;Envio de foto;-17.3727783;-66.1599681;2025-06-23 14:22:05;2025-06-23 14:22:11;exitoso;;0 MB
FB;MOBILE;Envio de video;-17.3727783;-66.1599681;2025-06-23 14:22:17;2025-06-23 14:22:21;exitoso;;0 MB
FB;MOBILE;Envio de documento;-17.3727783;-66.1599681;2025-06-23 14:22:24;2025-06-23 14:22:32;exitoso;;1.27 MB
FB;MOBILE;Carga feed;-17.3732675;-66.1569645;2025-06-23 14:22:39;2025-06-23 14:22:40;exitoso;;
FB;MOBILE;Publicar historia;-17.3732675;-66.1569645;2025-06-23 14:22:57;2025-06-23 14:23:00;exitoso;;2 MB
FB;MOBILE;Reproduccion video corto;-17.3732675;-66.1569645;2025-06-23 14:23:01;2025-06-23 14:23:16;exitoso;;
FB;MOBILE;Envio de mensaje;-17.3749079;-66.1577267;2025-06-23 14:23:33;2025-06-23 14:23:39;exitoso;;4 caracteres
FB;MOBILE;Envio de foto;-17.3749079;-66.1577267;2025-06-23 14:23:42;2025-06-23 14:23:49;exitoso;;0 MB
FB;MOBILE;Envio de video;-17.3749079;-66.1577267;2025-06-23 14:23:54;2025-06-23 14:23:58;exitoso;;0 MB
FB;MOBILE;Envio de documento;-17.3749079;-66.1577267;2025-06-23 14:24:01;2025-06-23 14:24:12;fallido;Time Out;0 MB
FB;MOBILE;Carga feed;-17.3749079;-66.1577267;2025-06-23 14:24:19;2025-06-23 14:24:20;exitoso;;
FB;MOBILE;Publicar historia;-17.373705;-66.158997;2025-06-23 14:24:36;2025-06-23 14:24:41;exitoso;;2 MB
FB;MOBILE;Reproduccion video corto;-17.373705;-66.158997;2025-06-23 14:24:42;2025-06-23 14:24:56;exitoso;;
FB;MOBILE;Envio de mensaje;-17.373705;-66.158997;2025-06-23 14:25:14;2025-06-23 14:25:20;exitoso;;4 caracteres
FB;MOBILE;Envio de foto;-17.373705;-66.158997;2025-06-23 14:25:23;2025-06-23 14:25:32;exitoso;;0 MB
FB;MOBILE;Envio de video;-17.3699893;-66.1587126;2025-06-23 14:25:38;2025-06-23 14:25:41;exitoso;;0 MB
FB;MOBILE;Envio de documento;-17.3699893;-66.1587126;2025-06-23 14:25:45;2025-06-23 14:25:52;exitoso;;1.27 MB
FB;MOBILE;Carga feed;-17.3699893;-66.1587126;2025-06-23 14:26:00;2025-06-23 14:26:00;exitoso;;
FB;MOBILE;Publicar historia;-17.3699893;-66.1587126;2025-06-23 14:26:18;2025-06-23 14:26:23;exitoso;;2 MB
FB;MOBILE;Reproduccion video corto;-17.3699893;-66.1587126;2025-06-23 14:26:24;2025-06-23 14:26:41;exitoso;;
FB;MOBILE;Envio de mensaje;-17.3677162;-66.1576699;2025-06-23 14:26:56;2025-06-23 14:27:02;exitoso;;4 caracteres
FB;MOBILE;Envio de foto;-17.3677162;-66.1576699;2025-06-23 14:27:05;2025-06-23 14:27:11;exitoso;;0 MB
FB;MOBILE;Envio de video;-17.3677162;-66.1576699;2025-06-23 14:27:16;2025-06-23 14:27:20;exitoso;;0 MB
FB;MOBILE;Envio de documento;-17.3677162;-66.1576699;2025-06-23 14:27:23;2025-06-23 14:27:31;exitoso;;1.27 MB
FB;MOBILE;Carga feed;-17.3644242;-66.1562195;2025-06-23 14:27:38;2025-06-23 14:27:38;exitoso;;
FB;MOBILE;Publicar historia;-17.3644242;-66.1562195;2025-06-23 14:27:54;2025-06-23 14:27:59;exitoso;;2 MB
FB;MOBILE;Reproduccion video corto;-17.3644242;-66.1562195;2025-06-23 14:28:02;2025-06-23 14:28:16;exitoso;;
FB;MOBILE;Envio de mensaje;-17.3630651;-66.1549546;2025-06-23 14:28:34;2025-06-23 14:28:39;exitoso;;4 caracteres
FB;MOBILE;Envio de foto;-17.3630651;-66.1549546;2025-06-23 14:28:41;2025-06-23 14:28:48;exitoso;;0 MB
FB;MOBILE;Envio de video;-17.3630651;-66.1549546;2025-06-23 14:28:53;2025-06-23 14:28:57;exitoso;;0 MB
FB;MOBILE;Envio de documento;-17.3630651;-66.1549546;2025-06-23 14:29:01;2025-06-23 14:29:09;exitoso;;1.27 MB
FB;MOBILE;Carga feed;-17.3630651;-66.1549546;2025-06-23 14:29:16;2025-06-23 14:29:17;exitoso;;
FB;MOBILE;Publicar historia;-17.3648295;-66.153688;2025-06-23 14:29:36;2025-06-23 14:29:39;exitoso;;2 MB
FB;MOBILE;Reproduccion video corto;-17.3648295;-66.153688;2025-06-23 14:29:40;2025-06-23 14:29:58;exitoso;;
FB;MOBILE;Envio de mensaje;-17.3648295;-66.153688;2025-06-23 14:30:15;2025-06-23 14:30:18;exitoso;;4 caracteres
FB;MOBILE;Envio de foto;-17.3648295;-66.153688;2025-06-23 14:30:21;2025-06-23 14:30:27;exitoso;;0 MB
FB;MOBILE;Envio de video;-17.365248;-66.1529551;2025-06-23 14:30:33;2025-06-23 14:30:37;exitoso;;0 MB
FB;MOBILE;Envio de documento;-17.365248;-66.1529551;2025-06-23 14:30:40;2025-06-23 14:30:47;exitoso;;1.27 MB
FB;MOBILE;Carga feed;-17.365248;-66.1529551;2025-06-23 14:30:54;2025-06-23 14:30:55;exitoso;;
FB;MOBILE;Publicar historia;-17.365248;-66.1529551;2025-06-23 14:31:08;2025-06-23 14:31:14;exitoso;;2 MB
FB;MOBILE;Reproduccion video corto;-17.365248;-66.1529551;2025-06-23 14:31:15;2025-06-23 14:31:33;exitoso;;
FB;MOBILE;Envio de mensaje;-17.366822;-66.1528763;2025-06-23 14:31:51;2025-06-23 14:31:56;exitoso;;4 caracteres
FB;MOBILE;Envio de foto;-17.366822;-66.1528763;2025-06-23 14:31:59;2025-06-23 14:32:06;exitoso;;0 MB
FB;MOBILE;Envio de video;-17.366822;-66.1528763;2025-06-23 14:32:11;2025-06-23 14:32:15;exitoso;;0 MB
FB;MOBILE;Envio de documento;-17.366822;-66.1528763;2025-06-23 14:32:18;2025-06-23 14:32:24;exitoso;;1.27 MB
FB;MOBILE;Carga feed;-17.366822;-66.1528763;2025-06-23 14:32:32;2025-06-23 14:32:33;exitoso;;
FB;MOBILE;Publicar historia;-17.3669398;-66.1499272;2025-06-23 14:32:55;2025-06-23 14:32:58;exitoso;;2 MB
FB;MOBILE;Reproduccion video corto;-17.3669398;-66.1499272;2025-06-23 14:33:00;2025-06-23 14:33:17;exitoso;;
FB;MOBILE;Envio de mensaje;-17.3684184;-66.1463021;2025-06-23 14:33:35;2025-06-23 14:33:40;exitoso;;4 caracteres
FB;MOBILE;Envio de foto;-17.3684184;-66.1463021;2025-06-23 14:33:43;2025-06-23 14:33:50;exitoso;;0 MB
FB;MOBILE;Envio de video;-17.3684184;-66.1463021;2025-06-23 14:33:55;2025-06-23 14:33:59;exitoso;;0 MB
FB;MOBILE;Envio de documento;-17.3684184;-66.1463021;2025-06-23 14:34:02;2025-06-23 14:34:08;exitoso;;1.27 MB
FB;MOBILE;Carga feed;-17.3684184;-66.1463021;2025-06-23 14:34:16;2025-06-23 14:34:16;exitoso;;
FB;MOBILE;Publicar historia;-17.3684184;-66.1463021;2025-06-23 14:34:30;2025-06-23 14:34:43;exitoso;;2 MB
FB;MOBILE;Reproduccion video corto;-17.3698822;-66.1425722;2025-06-23 14:34:45;2025-06-23 14:35:02;exitoso;;
FB;MOBILE;Envio de mensaje;-17.3698822;-66.1425722;2025-06-23 14:35:19;2025-06-23 14:35:25;exitoso;;4 caracteres
FB;MOBILE;Envio de foto;-17.3698822;-66.1425722;2025-06-23 14:35:27;2025-06-23 14:35:36;exitoso;;0 MB
FB;MOBILE;Envio de video;-17.3714693;-66.1398435;2025-06-23 14:35:41;2025-06-23 14:35:45;exitoso;;0 MB
FB;MOBILE;Envio de documento;-17.3714693;-66.1398435;2025-06-23 14:35:48;2025-06-23 14:35:55;exitoso;;1.27 MB
FB;MOBILE;Carga feed;-17.3714693;-66.1398435;2025-06-23 14:36:03;2025-06-23 14:36:04;exitoso;;
FB;MOBILE;Publicar historia;-17.3714693;-66.1398435;2025-06-23 14:36:22;2025-06-23 14:36:26;exitoso;;2 MB
FB;MOBILE;Reproduccion video corto;-17.3714693;-66.1398435;2025-06-23 14:36:27;2025-06-23 14:36:44;exitoso;;
FB;MOBILE;Envio de mensaje;-17.3722556;-66.1373867;2025-06-23 14:36:59;2025-06-23 14:37:06;exitoso;;4 caracteres
FB;MOBILE;Envio de foto;-17.3722556;-66.1373867;2025-06-23 14:37:08;2025-06-23 14:37:14;exitoso;;0 MB
FB;MOBILE;Envio de video;-17.3722556;-66.1373867;2025-06-23 14:37:20;2025-06-23 14:37:24;exitoso;;0 MB
FB;MOBILE;Envio de documento;-17.3722556;-66.1373867;2025-06-23 14:37:27;2025-06-23 14:37:35;exitoso;;1.27 MB
FB;MOBILE;Carga feed;-17.373691;-66.1381734;2025-06-23 14:37:41;2025-06-23 14:37:42;exitoso;;
FB;MOBILE;Publicar historia;-17.373691;-66.1381734;2025-06-23 14:38:01;2025-06-23 14:38:21;fallido;Time Out;0 MB
FB;MOBILE;Reproduccion video corto;-17.373691;-66.1381734;2025-06-23 14:38:26;2025-06-23 14:38:43;exitoso;;
FB;MOBILE;Envio de mensaje;-17.3822424;-66.1561114;2025-06-23 14:38:59;2025-06-23 14:39:05;exitoso;;4 caracteres
FB;MOBILE;Envio de foto;-17.3822424;-66.1561114;2025-06-23 14:39:07;2025-06-23 14:39:15;exitoso;;0 MB
FB;MOBILE;Envio de video;-17.3822424;-66.1561114;2025-06-23 14:39:20;2025-06-23 14:39:24;exitoso;;0 MB
FB;MOBILE;Envio de documento;-17.3822424;-66.1561114;2025-06-23 14:39:28;2025-06-23 14:39:35;exitoso;;1.27 MB
FB;MOBILE;Carga feed;-17.3734327;-66.1439277;2025-06-23 14:39:43;2025-06-23 14:39:43;exitoso;;
FB;MOBILE;Publicar historia;-17.3734327;-66.1439277;2025-06-23 14:40:01;2025-06-23 14:40:05;exitoso;;2 MB
FB;MOBILE;Reproduccion video corto;-17.3734327;-66.1439277;2025-06-23 14:40:06;2025-06-23 14:40:22;fallido;TimeOut;
FB;MOBILE;Envio de mensaje;-17.3735183;-66.1477683;2025-06-23 14:40:40;2025-06-23 14:40:46;exitoso;;4 caracteres
FB;MOBILE;Envio de foto;-17.3735183;-66.1477683;2025-06-23 14:40:49;2025-06-23 14:40:57;exitoso;;0 MB
FB;MOBILE;Envio de video;-17.3735183;-66.1477683;2025-06-23 14:41:03;2025-06-23 14:41:07;exitoso;;0 MB
FB;MOBILE;Envio de documento;-17.3735183;-66.1477683;2025-06-23 14:41:10;2025-06-23 14:41:16;exitoso;;1.27 MB
FB;MOBILE;Carga feed;-17.3735183;-66.1477683;2025-06-23 14:41:24;2025-06-23 14:41:27;exitoso;;
FB;MOBILE;Publicar historia;-17.3732168;-66.149286;2025-06-23 14:41:43;2025-06-23 14:41:50;exitoso;;2 MB
FB;MOBILE;Reproduccion video corto;-17.3732168;-66.149286;2025-06-23 14:41:51;2025-06-23 14:42:08;exitoso;;
FB;MOBILE;Envio de mensaje;-17.3732168;-66.149286;2025-06-23 14:42:25;2025-06-23 14:42:30;exitoso;;4 caracteres
FB;MOBILE;Envio de foto;-17.3730937;-66.1510285;2025-06-23 14:42:32;2025-06-23 14:42:39;exitoso;;0 MB
FB;MOBILE;Envio de video;-17.3730937;-66.1510285;2025-06-23 14:42:45;2025-06-23 14:42:49;exitoso;;0 MB
FB;MOBILE;Envio de documento;-17.3730937;-66.1510285;2025-06-23 14:42:52;2025-06-23 14:42:59;exitoso;;1.27 MB
FB;MOBILE;Carga feed;-17.3730937;-66.1510285;2025-06-23 14:43:06;2025-06-23 14:43:07;exitoso;;
FB;MOBILE;Publicar historia;-17.3730937;-66.1510285;2025-06-23 14:43:23;2025-06-23 14:43:27;exitoso;;2 MB
FB;MOBILE;Reproduccion video corto;-17.3730937;-66.1510285;2025-06-23 14:43:28;2025-06-23 14:43:45;exitoso;;
FB;MOBILE;Envio de mensaje;-17.3729908;-66.1536803;2025-06-23 14:44:02;2025-06-23 14:44:09;exitoso;;4 caracteres
FB;MOBILE;Envio de foto;-17.3729908;-66.1536803;2025-06-23 14:44:11;2025-06-23 14:44:20;exitoso;;0 MB
FB;MOBILE;Envio de video;-17.3729908;-66.1536803;2025-06-23 14:44:25;2025-06-23 14:44:28;exitoso;;0 MB
FB;MOBILE;Envio de documento;-17.3729908;-66.1536803;2025-06-23 14:44:32;2025-06-23 14:44:39;exitoso;;1.27 MB
FB;MOBILE;Carga feed;-17.3763847;-66.1539543;2025-06-23 14:44:46;2025-06-23 14:44:47;exitoso;;
FB;MOBILE;Publicar historia;-17.3763847;-66.1539543;2025-06-23 14:45:06;2025-06-23 14:45:12;exitoso;;2 MB
FB;MOBILE;Reproduccion video corto;-17.3763847;-66.1539543;2025-06-23 14:45:13;2025-06-23 14:45:27;exitoso;;
FB;MOBILE;Envio de mensaje;-17.3737643;-66.1471658;2025-06-23 14:45:43;2025-06-23 14:45:49;exitoso;;4 caracteres
FB;MOBILE;Envio de foto;-17.3737643;-66.1471658;2025-06-23 14:45:52;2025-06-23 14:45:59;exitoso;;0 MB
FB;MOBILE;Envio de video;-17.3737643;-66.1471658;2025-06-23 14:46:05;2025-06-23 14:46:09;exitoso;;0 MB
FB;MOBILE;Envio de documento;-17.3737643;-66.1471658;2025-06-23 14:46:12;2025-06-23 14:46:21;exitoso;;1.27 MB
FB;MOBILE;Carga feed;-17.3737643;-66.1471658;2025-06-23 14:46:28;2025-06-23 14:46:29;exitoso;;
FB;MOBILE;Carga feed;-17.3762223;-66.1567209;2025-06-25 13:42:46;2025-06-25 13:42:47;exitoso;;
FB;MOBILE;Publicar historia;-17.3762223;-66.1567209;2025-06-25 13:43:02;2025-06-25 13:43:06;exitoso;;2 MB
FB;MOBILE;Reproduccion video corto;-17.3762223;-66.1567209;2025-06-25 13:43:10;2025-06-25 13:43:21;fallido;TimeOut;
FB;MOBILE;Carga feed;-17.3762223;-66.1567209;2025-06-25 13:43:37;2025-06-25 13:43:37;exitoso;;
FB;MOBILE;Publicar historia;-17.3762223;-66.1567209;2025-06-25 13:43:55;2025-06-25 13:43:59;exitoso;;2 MB
FB;MOBILE;Reproduccion video corto;-17.3762223;-66.1567209;2025-06-25 13:44:00;2025-06-25 13:44:16;exitoso;;
FB;MOBILE;Carga feed;-17.3762223;-66.1567209;2025-06-25 13:44:34;2025-06-25 13:44:35;exitoso;;
FB;MOBILE;Publicar historia;-17.3762223;-66.1567209;2025-06-25 13:44:50;2025-06-25 13:44:54;exitoso;;2 MB
FB;MOBILE;Reproduccion video corto;-17.3762223;-66.1567209;2025-06-25 13:44:54;2025-06-25 13:45:12;exitoso;;
FB;MOBILE;Carga feed;-17.3762223;-66.1567209;2025-06-25 13:45:28;2025-06-25 13:45:28;exitoso;;
FB;MOBILE;Publicar historia;-17.3762223;-66.1567209;2025-06-25 13:45:44;2025-06-25 13:45:47;exitoso;;2 MB
FB;MOBILE;Reproduccion video corto;-17.3762223;-66.1567209;2025-06-25 13:45:48;2025-06-25 13:46:05;exitoso;;
FB;MOBILE;Carga feed;-17.3762223;-66.1567209;2025-06-25 13:46:22;2025-06-25 13:46:23;exitoso;;
FB;MOBILE;Publicar historia;-17.3762223;-66.1567209;2025-06-25 13:46:39;2025-06-25 13:46:42;exitoso;;2 MB
FB;MOBILE;Reproduccion video corto;-17.3762223;-66.1567209;2025-06-25 13:46:43;2025-06-25 13:47:00;exitoso;;
FB;MOBILE;Carga feed;-17.3762223;-66.1567209;2025-06-25 13:47:17;2025-06-25 13:47:17;exitoso;;
FB;MOBILE;Publicar historia;-17.3762223;-66.1567209;2025-06-25 13:47:33;2025-06-25 13:47:36;exitoso;;2 MB
FB;MOBILE;Reproduccion video corto;-17.3762223;-66.1567209;2025-06-25 13:47:37;2025-06-25 13:47:55;exitoso;;
FB;MOBILE;Carga feed;-17.3762223;-66.1567209;2025-06-25 13:48:11;2025-06-25 13:48:12;exitoso;;
FB;MOBILE;Publicar historia;-17.3762223;-66.1567209;2025-06-25 13:48:27;2025-06-25 13:48:31;exitoso;;2 MB
FB;MOBILE;Reproduccion video corto;-17.3762223;-66.1567209;2025-06-25 13:48:32;2025-06-25 13:48:48;exitoso;;
FB;MOBILE;Carga feed;-17.3762223;-66.1567209;2025-06-25 13:49:04;2025-06-25 13:49:05;exitoso;;
FB;MOBILE;Publicar historia;-17.3762223;-66.1567209;2025-06-25 13:49:20;2025-06-25 13:49:23;exitoso;;2 MB
FB;MOBILE;Reproduccion video corto;-17.3762223;-66.1567209;2025-06-25 13:49:24;2025-06-25 13:49:41;exitoso;;
FB;MOBILE;Carga feed;-17.3762223;-66.1567209;2025-06-25 13:49:59;2025-06-25 13:49:59;exitoso;;
FB;MOBILE;Publicar historia;-17.3762223;-66.1567209;2025-06-25 13:50:15;2025-06-25 13:50:18;exitoso;;2 MB
FB;MOBILE;Reproduccion video corto;-17.3762223;-66.1567209;2025-06-25 13:50:19;2025-06-25 13:50:36;exitoso;;
FB;MOBILE;Carga feed;-17.3762223;-66.1567209;2025-06-25 13:50:51;2025-06-25 13:50:51;exitoso;;
FB;MOBILE;Publicar historia;-17.3762223;-66.1567209;2025-06-25 13:51:07;2025-06-25 13:51:11;exitoso;;2 MB
FB;MOBILE;Reproduccion video corto;-17.3762223;-66.1567209;2025-06-25 13:51:12;2025-06-25 13:51:29;exitoso;;
FB;MOBILE;Carga feed;-17.3762223;-66.1567209;2025-06-25 13:51:47;2025-06-25 13:51:47;exitoso;;
FB;MOBILE;Publicar historia;-17.3762223;-66.1567209;2025-06-25 13:52:05;2025-06-25 13:52:08;exitoso;;2 MB
FB;MOBILE;Reproduccion video corto;-17.3762223;-66.1567209;2025-06-25 13:52:09;2025-06-25 13:52:25;exitoso;;
FB;MOBILE;Carga feed;-17.3762223;-66.1567209;2025-06-25 13:52:42;2025-06-25 13:52:42;exitoso;;
FB;MOBILE;Publicar historia;-17.3762223;-66.1567209;2025-06-25 13:52:59;2025-06-25 13:53:03;exitoso;;2 MB
FB;MOBILE;Reproduccion video corto;-17.3762223;-66.1567209;2025-06-25 13:53:04;2025-06-25 13:53:21;exitoso;;
FB;MOBILE;Carga feed;-17.3762223;-66.1567209;2025-06-25 13:53:39;2025-06-25 13:53:39;exitoso;;
FB;MOBILE;Publicar historia;-17.3762223;-66.1567209;2025-06-25 13:53:55;2025-06-25 13:53:58;exitoso;;2 MB
FB;MOBILE;Reproduccion video corto;-17.3762223;-66.1567209;2025-06-25 13:53:59;2025-06-25 13:54:16;exitoso;;
FB;MOBILE;Carga feed;-17.3762223;-66.1567209;2025-06-25 13:54:37;2025-06-25 13:54:38;exitoso;;
FB;MOBILE;Publicar historia;-17.3762223;-66.1567209;2025-06-25 13:54:55;2025-06-25 13:54:59;exitoso;;2 MB
FB;MOBILE;Reproduccion video corto;-17.3762223;-66.1567209;2025-06-25 13:54:59;2025-06-25 13:55:14;exitoso;;
FB;MOBILE;Carga feed;-17.3762223;-66.1567209;2025-06-25 13:55:33;2025-06-25 13:55:34;exitoso;;
FB;MOBILE;Publicar historia;-17.3762223;-66.1567209;2025-06-25 13:55:50;2025-06-25 13:55:53;exitoso;;2 MB
FB;MOBILE;Reproduccion video corto;-17.3762223;-66.1567209;2025-06-25 13:55:54;2025-06-25 13:56:11;exitoso;;
FB;MOBILE;Carga feed;-17.3762223;-66.1567209;2025-06-25 13:56:29;2025-06-25 13:56:32;exitoso;;
FB;MOBILE;Publicar historia;-17.3762223;-66.1567209;2025-06-25 13:56:50;2025-06-25 13:56:54;exitoso;;2 MB
FB;MOBILE;Reproduccion video corto;-17.3762223;-66.1567209;2025-06-25 13:56:54;2025-06-25 13:57:09;exitoso;;
FB;MOBILE;Carga feed;-17.3762223;-66.1567209;2025-06-25 13:57:26;2025-06-25 13:57:27;exitoso;;
FB;MOBILE;Publicar historia;-17.3762223;-66.1567209;2025-06-25 13:57:44;2025-06-25 13:57:48;exitoso;;2 MB
FB;MOBILE;Reproduccion video corto;-17.3762223;-66.1567209;2025-06-25 13:57:50;2025-06-25 13:58:05;exitoso;;
FB;MOBILE;Carga feed;-17.3762223;-66.1567209;2025-06-25 13:58:24;2025-06-25 13:58:24;exitoso;;
FB;MOBILE;Publicar historia;-17.3762223;-66.1567209;2025-06-25 13:58:43;2025-06-25 13:58:46;exitoso;;2 MB
FB;MOBILE;Reproduccion video corto;-17.3762223;-66.1567209;2025-06-25 13:58:47;2025-06-25 13:59:04;exitoso;;
FB;MOBILE;Carga feed;-17.3762223;-66.1567209;2025-06-25 13:59:23;2025-06-25 13:59:24;exitoso;;
FB;MOBILE;Publicar historia;-17.3762223;-66.1567209;2025-06-25 13:59:40;2025-06-25 13:59:44;exitoso;;2 MB
FB;MOBILE;Reproduccion video corto;-17.3762223;-66.1567209;2025-06-25 13:59:45;2025-06-25 14:00:02;exitoso;;
FB;MOBILE;Carga feed;-17.3762223;-66.1567209;2025-06-25 14:00:20;2025-06-25 14:00:21;exitoso;;
FB;MOBILE;Publicar historia;-17.3762223;-66.1567209;2025-06-25 14:00:39;2025-06-25 14:00:42;exitoso;;2 MB
FB;MOBILE;Reproduccion video corto;-17.3762223;-66.1567209;2025-06-25 14:00:43;2025-06-25 14:01:01;exitoso;;
FB;MOBILE;Carga feed;-17.3762223;-66.1567209;2025-06-25 14:01:19;2025-06-25 14:01:20;exitoso;;
FB;MOBILE;Publicar historia;-17.3762223;-66.1567209;2025-06-25 14:01:36;2025-06-25 14:01:40;exitoso;;2 MB
FB;MOBILE;Reproduccion video corto;-17.3762223;-66.1567209;2025-06-25 14:01:41;2025-06-25 14:01:57;exitoso;;
FB;MOBILE;Carga feed;-17.3762223;-66.1567209;2025-06-25 14:02:15;2025-06-25 14:02:16;exitoso;;
FB;MOBILE;Publicar historia;-17.3762223;-66.1567209;2025-06-25 14:02:33;2025-06-25 14:02:37;exitoso;;2 MB
FB;MOBILE;Reproduccion video corto;-17.3762223;-66.1567209;2025-06-25 14:02:38;2025-06-25 14:02:54;exitoso;;
FB;MOBILE;Carga feed;-17.3762223;-66.1567209;2025-06-25 14:03:12;2025-06-25 14:03:13;exitoso;;
FB;MOBILE;Publicar historia;-17.3762223;-66.1567209;2025-06-25 14:03:30;2025-06-25 14:03:33;exitoso;;2 MB
FB;MOBILE;Reproduccion video corto;-17.3762223;-66.1567209;2025-06-25 14:03:34;2025-06-25 14:03:53;exitoso;;
FB;MOBILE;Carga feed;-17.3762223;-66.1567209;2025-06-25 14:04:12;2025-06-25 14:04:12;exitoso;;
FB;MOBILE;Publicar historia;-17.3762223;-66.1567209;2025-06-25 14:04:29;2025-06-25 14:04:33;exitoso;;2 MB
FB;MOBILE;Reproduccion video corto;-17.3762223;-66.1567209;2025-06-25 14:04:34;2025-06-25 14:04:51;exitoso;;
FB;MOBILE;Carga feed;-17.3762223;-66.1567209;2025-06-25 14:05:10;2025-06-25 14:05:11;exitoso;;
FB;MOBILE;Publicar historia;-17.3762223;-66.1567209;2025-06-25 14:05:30;2025-06-25 14:05:34;exitoso;;2 MB
FB;MOBILE;Reproduccion video corto;-17.3762223;-66.1567209;2025-06-25 14:05:35;2025-06-25 14:05:51;exitoso;;
FB;MOBILE;Carga feed;-17.3762223;-66.1567209;2025-06-25 14:06:08;2025-06-25 14:06:09;exitoso;;
FB;MOBILE;Publicar historia;-17.3762223;-66.1567209;2025-06-25 14:06:25;2025-06-25 14:06:29;exitoso;;2 MB
FB;MOBILE;Reproduccion video corto;-17.3762223;-66.1567209;2025-06-25 14:06:29;2025-06-25 14:06:46;exitoso;;
FB;MOBILE;Carga feed;-17.3762223;-66.1567209;2025-06-25 14:07:01;2025-06-25 14:07:02;exitoso;;
FB;MOBILE;Publicar historia;-17.3762223;-66.1567209;2025-06-25 14:07:19;2025-06-25 14:07:22;exitoso;;2 MB
FB;MOBILE;Reproduccion video corto;-17.3762223;-66.1567209;2025-06-25 14:07:23;2025-06-25 14:07:40;exitoso;;
FB;MOBILE;Carga feed;-17.3762223;-66.1567209;2025-06-25 14:08:01;2025-06-25 14:08:01;exitoso;;
FB;MOBILE;Publicar historia;-17.3762223;-66.1567209;2025-06-25 14:08:20;2025-06-25 14:08:24;exitoso;;2 MB
FB;MOBILE;Reproduccion video corto;-17.3762223;-66.1567209;2025-06-25 14:08:25;2025-06-25 14:08:43;exitoso;;
FB;MOBILE;Carga feed;-17.3762223;-66.1567209;2025-06-25 14:09:02;2025-06-25 14:09:03;exitoso;;
FB;MOBILE;Publicar historia;-17.3762223;-66.1567209;2025-06-25 14:09:19;2025-06-25 14:09:23;exitoso;;2 MB
FB;MOBILE;Reproduccion video corto;-17.3762223;-66.1567209;2025-06-25 14:09:24;2025-06-25 14:09:40;exitoso;;
FB;MOBILE;Carga feed;-17.3762223;-66.1567209;2025-06-25 14:10:00;2025-06-25 14:10:00;exitoso;;
FB;MOBILE;Publicar historia;-17.3762223;-66.1567209;2025-06-25 14:10:18;2025-06-25 14:10:22;exitoso;;2 MB
FB;MOBILE;Reproduccion video corto;-17.3762223;-66.1567209;2025-06-25 14:10:22;2025-06-25 14:10:39;exitoso;;
FB;MOBILE;Carga feed;-17.3762223;-66.1567209;2025-06-25 14:11:00;2025-06-25 14:11:00;exitoso;;
FB;MOBILE;Publicar historia;-17.3762223;-66.1567209;2025-06-25 14:11:19;2025-06-25 14:11:23;exitoso;;2 MB
FB;MOBILE;Reproduccion video corto;-17.3762223;-66.1567209;2025-06-25 14:11:24;2025-06-25 14:11:40;exitoso;;
FB;MOBILE;Carga feed;-17.3762223;-66.1567209;2025-06-25 14:11:57;2025-06-25 14:11:57;exitoso;;
FB;MOBILE;Publicar historia;-17.3762223;-66.1567209;2025-06-25 14:12:15;2025-06-25 14:12:19;exitoso;;2 MB
FB;MOBILE;Reproduccion video corto;-17.3762223;-66.1567209;2025-06-25 14:12:20;2025-06-25 14:12:37;exitoso;;
FB;MOBILE;Carga feed;-17.3762223;-66.1567209;2025-06-25 14:12:57;2025-06-25 14:12:58;exitoso;;
FB;MOBILE;Publicar historia;-17.3762223;-66.1567209;2025-06-25 14:13:14;2025-06-25 14:13:17;exitoso;;2 MB
FB;MOBILE;Reproduccion video corto;-17.3762223;-66.1567209;2025-06-25 14:13:18;2025-06-25 14:13:35;exitoso;;
FB;MOBILE;Carga feed;-17.3762223;-66.1567209;2025-06-25 14:13:56;2025-06-25 14:13:57;exitoso;;
FB;MOBILE;Publicar historia;-17.3762223;-66.1567209;2025-06-25 14:14:15;2025-06-25 14:14:20;exitoso;;2 MB
FB;MOBILE;Reproduccion video corto;-17.3762223;-66.1567209;2025-06-25 14:14:20;2025-06-25 14:14:37;exitoso;;
FB;MOBILE;Carga feed;-17.3762223;-66.1567209;2025-06-25 14:14:54;2025-06-25 14:14:55;exitoso;;
FB;MOBILE;Publicar historia;-17.3762223;-66.1567209;2025-06-25 14:15:10;2025-06-25 14:15:14;exitoso;;2 MB
FB;MOBILE;Reproduccion video corto;-17.3762223;-66.1567209;2025-06-25 14:15:14;2025-06-25 14:15:32;exitoso;;
FB;MOBILE;Carga feed;-17.3762223;-66.1567209;2025-06-25 14:15:52;2025-06-25 14:15:52;exitoso;;
FB;MOBILE;Carga feed;-17.3762223;-66.1567209;2025-06-25 14:18:00;2025-06-25 14:18:01;exitoso;;
FB;MOBILE;Publicar historia;-17.3762223;-66.1567209;2025-06-25 14:18:17;2025-06-25 14:18:20;exitoso;;2 MB
FB;MOBILE;Reproduccion video corto;-17.3762223;-66.1567209;2025-06-25 14:18:21;2025-06-25 14:18:37;exitoso;;
FB;MOBILE;Carga feed;-17.3762223;-66.1567209;2025-06-25 14:18:55;2025-06-25 14:18:59;fallido;Elemento no encontrado;
FB;MOBILE;Publicar historia;-17.3762223;-66.1567209;2025-06-25 14:19:15;2025-06-25 14:19:19;exitoso;;2 MB
FB;MOBILE;Reproduccion video corto;-17.3762223;-66.1567209;2025-06-25 14:19:27;2025-06-25 14:19:43;exitoso;;
FB;MOBILE;Carga feed;-17.3762223;-66.1567209;2025-06-25 14:20:00;2025-06-25 14:20:00;exitoso;;
FB;MOBILE;Publicar historia;-17.3762223;-66.1567209;2025-06-25 14:20:16;2025-06-25 14:20:20;exitoso;;2 MB
FB;MOBILE;Reproduccion video corto;-17.3762223;-66.1567209;2025-06-25 14:20:20;2025-06-25 14:20:38;exitoso;;
FB;MOBILE;Carga feed;-17.3762223;-66.1567209;2025-06-25 14:20:56;2025-06-25 14:20:57;exitoso;;
FB;MOBILE;Publicar historia;-17.3762223;-66.1567209;2025-06-25 14:21:12;2025-06-25 14:21:16;exitoso;;2 MB
FB;MOBILE;Reproduccion video corto;-17.3762223;-66.1567209;2025-06-25 14:21:17;2025-06-25 14:21:36;exitoso;;
